Product Name,Product / Color,System (G),System (Citric)
Avobath '21 - New Flat base,Avobath,155.25,51.75
Big Blue '21 - New Flat base,Big Blue - Blue,136.629,57.17
Big Blue '21 - New Flat base,Big Blue - White,13.78,6.89
Yog Nog '18,Yog Nog '18 - White Mix,96.88,32.29
Yog Nog '18,Yog Nog '18 - Yellow Mix,64.588,21.53
Big Blue '21 - New Flat base,Big Blue - Salt,13.78,0
,,,0
Butterball '21 - New Flat base,Butterball,80.136,27.86
Butterbear '20,Butterbear '20,78,26
,,,0
Cheer Up Buttercup,Cheer Up Pink,35.829091,11.94
Cheer Up Buttercup,Cheer Up Yellow,54.170909,18.06
Christmas Sweater,Christmas Sweater Orange,27.5,9.17
Christmas Sweater,Christmas Sweater Red,106,35.33
Christmas Sweater,Christmas Sweater White,3,1
Christmas Sweater,Christmas Sweater Yellow,27.5,9.17
Crystal Ball,Crystal Ball - Green,20,6.67
Crystal Ball,Crystal Ball - Orange,130,43.33
Crystal Ball,Crystal Ball - Purple,50,16.67
Crystal Ball,Crystal Ball - White Outer,424.6668182,130.67
Cyanide,Cyanide Pink,6.6,2.2
Cyanide,Cyanide Silver,8.2992,2.77
Cyanide,Cyanide White,43.1557,14.39
Cyanide,Cyanide Yellow,43.1557,14.39
Dear John,Dear John White Mix,105,35
Dear John,Dear John Blue Mix,78,26
Crystal Ball,Crystal Ball - Salt for White,373.336289,0
Dragon'S Egg '21 - New Flat Base,Dragons Egg White,112.861205,37.62
Dragon'S Egg '21 - New Flat Base,Dragons Egg Gold,12.429977,4.14
Dragon'S Egg '21 - New Flat Base,Dragons Egg Orange,42.708818,14.24
Dream Steam,Dream Steam,8.25,3.45
Coctail Sieve,Coctail sieve pink,112.5,37.5
,,,0
Experimenter,Exp Blue,37.95,12.65
Experimenter,Exp Gold,37.95,12.65
Experimenter,Exp Pink,37.95,12.65
Experimenter,Exp Purple,13.2,4.4
Experimenter,Exp White,37.95,12.65
,,,0
,,,0
Foot Soak And Fancy Free,Footsoak and Fancy Free,186.9751,38.03
crazy train,Crazy train red,49.41,16.47
crazy train,crazy train blue,124.18,41.39
Golden Slumbers Spa,Golden Slumbers Spa,81,27
Guardian Of The Forest (Inc Inserts),Guardian Dark Green,17.3768,5.79
Guardian Of The Forest (Inc Inserts),Guardian Pale Green,120.6915,40.23
Guardian Of The Forest (Inc Inserts),Guardian Yellow,15.6827,5.23
Giant Golden Wonder (With All Inserts),Giant GW Blue,282,94
Giant Golden Wonder (With All Inserts),Giant GW Gold,394,131.33
Giant Golden Wonder (With All Inserts),Giant GW orange,5.6,1.87
Giant Golden Wonder (With All Inserts),Giant GW Pink,11,3.67
Giant Golden Wonder (With All Inserts),Giant GW White,120,40
Giant Golden Wonder (With All Inserts),Giant GW Yellow,11,3.67
Golden Slumbers * New*,Golden Slumbers NEW,81,27
Golden Wonder,Golden Wonder Blue,25,8.33
Golden Wonder,Golden Wonder Gold,93,31
Golden Wonder,Golden Wonder Orange,1.3,0.43
Golden Wonder,Golden Wonder Pink,1.3,0.43
Golden Wonder,Golden Wonder White,22.5,7.5
Golden Wonder,Golden Wonder Yellow,1.3,0.43
Golden Wonder,Golden Wonder - Spray,5,0
,,,0
,,,0
Ickle Robot,Ickle Bot,78,26
Intergalactic '21 - New flat base,Intergalactic - Blue,128.682862,42.89
Intergalactic '21 - New flat base,Intergalactic - Red,17.340707,5.78
Intergalactic '21 - New flat base,Intergalactic - White,4.613938,1.54
Intergalactic '21 - New flat base,Intergalactic - Yellow,17.340707,5.78
Karma yantra,Karma Yantra Orange,121.49,40.5
Karma Yantra,Karma Yantra Yellow,3.43,1.14
,,,0
Tisty Tosty'21,Tisty Tosty,86.25,28.75
,,,0
Lotus Flower (Inc Yellow Insert),Lotus Purple,6.95,2.32
Lotus Flower (Inc Yellow Insert),Lotus White,64,21.33
Lotus Flower (Inc Yellow Insert),Lotus Yelow,9.01,3
,,,0
Golden Wonder Boxes Alcohol Free,Golden Wonder ALC FREE - Blue,25,8.33
Golden Wonder Alcohol Free,Golden Wonder ALC FREE - Gold,93,31
Golden Wonder Alcohol Free,Golden Wonder ALC FREE - White,22.5,7.5
,,,0
,,,0
,,,0
Floating Flower '21 - New flat base,Floating Flower,152.25,50.75
Floating Flower,Floating Flower Melt,7.08753,0
Intergalatic Spa,Intergalactic Spa Blue,62.01,20.67
Intergalatic Spa,Intergalactic Spa Red,8.745,2.92
Intergalatic Spa,Intergalactic Spa Yellow,8.745,2.92
,,,0
Monsters Ball '20,Monsters' Ball '20 - Blue,49,16.33
Monsters Ball '20,Monsters' Ball '20 - Pink,126.75,42.25
,,,0
,,,0
Nevermind Ballistics With Insert,N. M. T. B. Peach,56,18.67
Nevermind Ballistics With Insert,N. M. T. B. Yellow,112,37.33
Over And Over (Inc Inserts),Over and Over Insert,70.9042,23.63
Over And Over (Inc Inserts),Over and Over Yellow,121.5608,40.52
,,,0
,,,0
Rocket,Rocket Science Blue,60.967,20.32
Rocket,Rocket Science Pink,28.48,9.49
Rocket,Rocket Science Yellow,7.29,2.43
Sakura '21 - New Flat base,Sakura White,164.98,54.99
Sakura '21 - New Flat base,Sakura Green Salt,2.26,
Sakura '21 - New Flat base,Sakura Red Salt,2.26,
Sex Bomb '21 - New Flat base,Sex Bomb Pink,127.6875,42.56
Sex Bomb '21 - New Flat base,Sex Bomb Purple,42.5625,14.19
,,,0
,,,0
,,,
,,,0
,,,0
,,,0
Yellow Submarine,Yellow Submarine Pink,57.6324,19.21
Yellow Submarine,Yellow Submarine Yellow,68.3676,22.79
New Think Pink,Think Pink '17 Outer,47.690864,15.9
New Think Pink,Think Pink '17 Silver,47.690864,15.9
New Think Pink,Think Pink '17 Vivid,68.11558,22.71
Thundersnow'21,Thunder S Blue,80.38,26.79
Thundersnow'21,Thunder S Chunk,12.7,4.23
Thundersnow'21,Thunder S Green,50.82,16.94
Thundersnow'21,Thunder S White,34.48,11.49
,,,0
Toner Tab,Toner tab - Vit Tea Tree,7.5,2.5
Twilight (Inc Inserts),Twilight Pink,98.556135,32.85
Twilight (Inc Inserts),Twilight Turquoise,68.694091,22.9
Volcano Spa'21,Volcano Red,16.537857,5.51
Volcano Spa'21,Volcano Silver,61.424527,20.47
Volcano Spa'21,Volcano Yellow,16.537857,5.51
Ylang Song Bombshell,Ylang Song - Flower mix,3.8,1.27
Ylang Song Bombshell,Ylang Song - Green,25.3219,8.44
Ylang Song Bombshell,Ylang Song - White,124.6615,41.55
,,,0
Fresh Milky Flower Giant Bombshell,Fresh milky top,142.86,47.62
Fresh Milky Flower Giant Bombshell,Fresh milky bottom,136.36,45.45
,,,0
Herbal Green Tea Giant Bombshell,Herbal bombshell top,142.86,47.62
Herbal Green Tea Giant Bombshell,Herbal bombshell bottom,142.86,47.62
,,,0
Floral Bomb shell,Floral bomb shell top,142.86,47.62
Floral Bomb Shell,Floral bomb shell bottom,142.86,47.62
,,,0
KArma Yantra spa,Karma Yantra Spa orange,119.62,39.87
Karma Yantra Spa,Karma Yantra Spa Yellow,4.12,1.37
,,,0
Sleepy,Sleepy ShowerBomb,42.079573,5.47
,,,0
,,,0
,,,0
,,,0
Incredible Mum,Incredible Mum pink,85.714,28.57
Incredible Mum,Incredible Mum orange,85.714,28.57
Incredible Mum,Incredible Mum purple,10.714,3.57
Madame President,Madame President - Blue,55.1,18.37
Madame President,Madame President - Red,94.33,31.44
Madame President,Madame President - Gold,16.83,5.61
Madame President,Madame President - White,35.7,11.9
Madame President,Madame President - Spray,1,0
,,,0
Satsumo Santa,Satsumo Santa - Main,150.428,50.14
Satsumo Santa,Satsumo Santa - White,16.712,5.57
Bombardino,Bombardino - White,32,10.67
Bombardino,Bombardino - Yellow,48,16
,,,0
,,,0
,,,0
,,,0
Golden slumber party kit spa,Golden Slumbers Spa Party Kit,3460,1153.33
,,,0
,,,0
,,,0
,,,0
Geode Party Kit (10),Geode Party Kit (10) Gold,1235.85,411.95
Geode Party Kit (10),Geode Party Kit (10) Gold Salt,110,0
Geode Party Kit (10),Geode Party Kit (10) Pink,247.5,82.5
Geode Party Kit (10),Geode Party Kit (10) Purple Salt,110,0
Big Blue Spa'21,Big Blue Spa Salt,6.55,0
Big Blue Spa'21,Big Blue Spa Blue,65.9175,27.58
Big Blue Spa'21,Big Blue Spa White,6.6,3.3
Golden Egg Insert,Golden Egg '21 - Insert,50.895,16.97
Twilight Party Kit,Twilight Party Kit Pink,4500,1500
Twilight Party Kit,Twilight Party Kit Turquoise,3000,1000
Dragon Egg Party Kit,Dragon Egg Party Kit Gold,1500,500
Dragon Egg Party Kit,Dragon Egg Party Kit Orange,1800,600
Dragon Egg Party Kit,Dragon Egg Party Kit White,4800,1600
Intergalactic Party Kit,Intergalactic Party Kit Blue,1300,433.33
Intergalactic Party Kit,Intergalactic Party Kit Red,180,60
Intergalactic Party Kit,Intergalactic Party Kit White,,0
Intergalactic Party Kit,Intergalactic Party Kit Yellow,180,60
Big blue Party Kit (10),Big Blue Party Kit (10) Blue,1366.29,571.71
Big blue Party Kit (10),Big Blue Party Kit (10) White,136.8,68.4
Sex Bomb Party Kit (10),Sex Bomb Party Kit (10) Pink,1350,450
Sex Bomb Party Kit (10),Sex Bomb Party Kit (10) Purple,450,150
Superdad,Superdad Blue,123.3,41.1
Superdad,Superdad Red,12.6,4.2
Superdad,Superdad Yellow,2.9,0.97
IckleBot Party Kit (20),IckleBot Party Kit (20),980,326.67
Butterball Party Kit (10),Butterball Party Kit (10),801.136,278.56
Turtle Jelly Bomb,Turtle - Green Main,80.2081,26.74
Turtle Jelly Bomb,Turtle - Blue Spots,24.357072,8.12
Turtle Jelly Bomb,Turtle - Insert,26.386828,8.8
Turtle Immersion Jelly Bomb,Mama Turtle Blue Spots,46.75,15.58
Turtle Immersion Jelly Bomb,Mama Turtle Green Main,141,47
Turtle Immersion Jelly Bomb,Mama Turtle Insert,49.75,16.58
,Turtle Kit Main,80.20181,26.73
,Turtle Kit Blue Spots,24.357072,8.12
,Turtle Kit Insert,26.386828,8.8
,Exp Blue Kit,37.95,12.65
,Exp Gold Kit,37.95,12.65
,Exp Pink Kit,37.95,12.65
,Exp Purple Kit,13.2,4.4
,Exp White Kit,37.95,12.65
The Big Sleep,The big sleep Main,108.362,36.12
,The big sleep dot,16.18,5.39
,The big sleep insert,40.89,13.63
Secret Arts,Secret arts main,103.448,34.48
,Secret arts insert,34.5,11.5
,Secret arts dot,18,6
,,,
,,,
,,,
Santa Gift Top,,102,34
,,75,25
Santa Gift Bottom,,194.7,64.9
,,5.35,1.78
,,5.4,1.8
Cheery Christmas,Cheery Christmas White,22.5,7.5
,Cheery Christmas Pink,75,25
,Cheery Christmas Blue,7.5,2.5
Princess Gift Top,Princess Top Blue,25.8,8.6
,Princess Top Yellow,115.65,38.55
,Princess Top Orange,2.4,0.8
Princess Gift Bottom,Princess Bottom Pink,187.5,62.5
,,,0
,,,0
Seaweed Giant Bombshell,Seaweed Giant Bombshell - Bottom,111.11,37.04
Seaweed Giant Bombshell,Seaweed Giant Bombshell - Top,111.11,37.04
,,,0
The Worlds Smallest Disco'21,World's Smallest Disco '21 - Black,150,50
The Worlds Smallest Disco (Dots) Pink,World's Smallest Disco '21 - Pink,3.571,1.19
The Worlds Smallest Disco (Dots) Orange,World's Smallest Disco '21 - Orange,3.571,1.19
The Worlds Smallest Disco (Dots) Yellow,World's Smallest Disco '21 - Yellow,3.571,1.19
The Worlds Smallest Disco (Dots) Blue,World's Smallest Disco '21 - Blue,3.571,1.19
The Worlds Smallest Disco (Dots) Green,World's Smallest Disco '21 - Green,3.571,1.19
Breath Of God under the umbrella tree,BOG Green/umbrella,53.43,17.81
Breath Of God under the umbrella tree,BOG Brown/umbrella,24.52,8.17
Breath Of God under the umbrella tree,BOG Orange/umbrella,6.91,2.3
,,,0
,,,0
,,,0
Karma Shower Bomb,Karma Shower Bomb,39.217,5.1
,,,0
Not Sleepy,Not Sleepy Shower Bomb,42.293,5.5
Life out of balance - Koyaanisqatsi,Life out of balance - Koyaanisqatsi,46.898,6.09
Eyeball,,150.0851,50.03
,,35.532,11.84
,,2.128,0.71
Ectoplasm,,109.665,36.56
,,54.819,18.27
Perle De Sel,,106.764,35.59
,,38.52,12.84
,,38.52,12.84
Holey Night,,32.8,10.93
,,32.8,10.93
,,74.7,24.9
,,9.3,3.1
Snow Man,,26,8.67
,,2.5,0.83
,,99.438,33.15
,,27.5,9.17
,,155,51.67
Royalty/Crown,Royalty '18 Red Squares,2.280043,0.76
Royalty/Crown,Royalty '18 Gold,114.002146,38
Royalty/Crown,Royalty '18 Red,4.930592,1.64
Royalty/Crown,Royalty '18 Orange,5.016096,1.67
Royalty/Crown,Royalty '18 Green,1.232648,0.41
Kiki-Jiji/ tadaima,Kiki- tadaima bronze,106.65,35.55
Kiki-JIJI tadaima,Kiki- tadaima Gold,72.5,24.17
Black Rose,Black Rose '18 Black,120.383824,40.13
Black Rose,Black Rose '18 Purple,31.866176,10.62
Black Rose,Black Rose Melt,1.13191,0
Hulder,Hulder '18 Green,123.75,41.25
Hulder,Hulder '18 Purple,22.5,7.5
Hulder,Hulder '18 Green Salt,9,0
Hulder,Hulder '18 Purple Salt,9,0
Harajuku,Harajuku '18 Blue,59.27,19.76
Harajuku,Harajuku '18 Pink,59.27,19.76
Harajuku,Harajuku '18 Yellow,59.27,19.76
Kitsune,Kitsune '18 Gold,46.227273,15.41
Kitsune,Kitsune '18 Orange,77.045455,25.68
Kitsune,Kitsune '18 White,46.227273,15.41
Kitsune,Kitsune Spray,10,0
Goddess,Goddess Green,28.8624,9.62
Goddess,Goddess Lilac,50.5344,16.84
Goddess,Goddess Purple,59.9088,19.97
Goddess,Goddess Silver,28.6944,9.56
Little Bottle Of Calm,little bottle blue,24,8
Shoot For The S KIT,Shoot For The Stars Party Kit (10),1600,533.33
,,,0
Aubergine,Aubergine Blue,22.239,7.41
LOM kit main,LOM kit main,"2,550",850
LOM kit red,LOM kit red,"2,075",691.67
Cheery Christmas Pink KIT,Cheery Christmas Pink KIT,"1,875",625
Cheery Christmas White KIT,Cheery Christmas White KIT,187,62.33
Cheery Christmas Blue KIT,Cheery Christmas Blue KIT,562,187.33
The Olive Branch,Olive Branch White,84.375,28.13
The Olive Branch,Olive Branch Orange,84.375,28.13
Beak Street Shower Bomb,Beak street shower bomb,40.04,13.35
Bunny Bomb bomb top,Bunny bomb top Pink,124.82,41.61
Bunny Bomb bomb top,Bunny bomb top White,2.53,0.84
Bunny Bomb Bomb Bottom,Bunny bomb bottom Pink,223.78,74.59
Bunny Bomb Bomb Bottom,Bunny bomb bottom White,4.54,1.51
Free Ranger Pink Bottom,Free ranger bottom pink,142.5,47.5
Free Ranger Purple Top,free ranger top purple,135,45
Free Ranger Red top,Free ranger top red,7.5,2.5
Lamb Bomb Bomb Bottom,Lamb bath bom bottom blue,2.47,0.82
Lamb Bomb Bomb Bottom,Lamb bath bom bottom white,247.74,82.58
Lamb Bomb Bomb Top,lamb bath bomb top Blue,21.89,7.3
Lamb Bomb Bomb Top,Lamb bath bomb top white,169.56,56.52
Aubergine,Aubergine Green,8.23,2.74
Aubergine,Aubergine Purple,49.42,16.47
Aubergine,Aubergine Purple Tip,12.35,4.12
Love Boat'21,Love Boat Blue,38.83,12.94
Love Boat'21,Love Boat Pink,75.09,25.03
Love Boat'21,Love Boat Yellow,9.7,3.23
Peachy'21 - New flatbase,Peachy Peach,94.334625,31.44
Peachy'21 - New flatbase,Peachy Green,8.93025,2.98
Peachy'21 - New flatbase,Peachy Pink,38.485125,12.83
Peachy'21 - New flatbase,Peachy Spray,2,0
Rose Butterfly 2020,Butterfly (Pink) Blue,52.5,17.5
Rose Butterfly 2020,Butterfly (Pink) Pink,52.5,17.5
Butterfly (Orange/Yellow),Butterfly red (orange/Yellow),50,16.67
Butterfly (Orange/Yellow),butterfly yellow (orange/yellow),50,16.67
Butterfly (Green/Yellow),Butterfly green (green/yellow),50,16.67
Butterfly (Green/Yellow),Butterfly yellow (green/yellow),50,16.67
Iris Flower,Iris Flower Pink,159.9,53.3
Iris Flower,Irish Flower purple,18.8,6.27
Jasmine Flower,Jasmine Green,165.79,55.26
Jasmine Flower,Jasmine White,31.58,10.53
Marigold Flower,Marigold Orange,32.05,10.68
Marigold Flower,Marigold Yellow,153.85,51.28
Strawberry Hill Shower Bomb,strawberry hill Main,34.23,11.41
Honey I Washed The Kids,Honey IWTK - Main Mix,161.937001,53.98
Marshmallow World '21 - New flat base,Marshmallow World Pink,131.1,43.7
Marshmallow World '21 - New flat base,Marshmallow World Sugar,4.6,0
Marshmallow World '21 - New flat base,Marshmallow World White,37.375,8.63
Marshmallow World '21 - New flat base,Marshmallow World Yellow,3.7375,0.86
Melusine,Melusine - Blue,55.75,18.58
Melusine,Melusine - Green,55.75,18.58
Melusine,Melusine - Yellow Mix,57.236667,17.1
The Comforter,The Comforter-PinkLustre,53.25,17.75
The Comforter,The Comforter - Pink,53.25,17.75
The Comforter,The Comforter - White,53.25,17.75
,,,0
More Tea & Sympathy Tea Pot,More Tea tea pot,187,62.33
,,,0
Rose Bombshell Egg,Rose bomb shell Egg top,240,80
Chamomile Flower,Chamomile blue,142.8,47.6
Chamomile Flower,Chamomile white,35.7,11.9
Rose Bombshell Egg,Rose Bombshell Egg bottom,190,63.33
Blackberry'21 - New flatbase,Blackberry Main,160.5,53.5
Yuzu & Cocoa,Yuzu & Cocoa - Main,152.25,50.75
Calavera,Calavera - Green Sugar,0.45,0
Calavera,Calavera - Pink Sugar,0.45,0
Calavera,Calavera - White Bicarb,96.520832,32.17
Calavera,Calavera - Blue Bicarb,36.64375,12.21
Calavera,Calavera - Yellow Sugar,0.45,0
Calavera,Calavera - Yellow Bicarb,36.64375,12.21
Tender Is The Night,Tender White,88.17,29.39
Tender Is The Night,Tender Pink,88.17,29.39
Bunny Fun Egg,Bunny top yellow,115.38,38.46
Bunny Fun Egg,Bunny bottom orange,115.38,38.46
Chick Fun Egg,Chick Egg Bottom Yellow,115.38,38.46
Chick Fun Egg,Chick Egg Top Orange,115.38,38.46
Stegosaurus Fun Egg,Stegosaurus bottom Purple,115.38,38.46
Stegosaurus Fun Egg,Stegosaurus Top Blue,115.38,38.46
Brontosaurus Fun Egg,Brontosaurus Top Purple,115.38,38.46
Brontosaurus Fun Egg,Brontosaurus Bottom blue,115.38,38.46
,,,0
Bath salt cube rose clay,Rose Clay Cube - Bright Pink,56.4,9.18
Bath salt cube rose slay,Rose Clay Cube - Pale Pink,24.6,8.2
bath salt cube rose clay,Rose Clay Cube - Salt,3.5,0
,,,0
Love Boat'21,Hearts for Love Boat,0.1,0
,,,0
Choccomint,Chocomint '18,186.31,62.1
Groovy,GroovyKindOfLove'18 Blue,17.84,5.95
Groovy,GroovyKindOfLove'18 Oran,49.96,16.65
Groovy,GroovyKindOfLove'18 Pink,35.93,11.98
Groovy,GroovyKindOfLove'18 Yell,35.93,11.98
Groovy,GroovyKindOfLove'18 Purp,17.84,5.95
Geode,Geode - Gold,117.832523,39.28
Geode,Geode - Pink,23.597968,7.87
Geode,Geode - Gold Salt,10.487986,0
Geode,Geode - Purple Salt,5.720719,0
Lucky cat Pink,Lucky Cat - Orange,9.026815,3.01
Lucky cat pink,Lucky Cat - Yellow,77.223185,25.74
Lucky cat pink,Lucky Cat Spray,9,0
Deep sleep Muslin,Deep Sleep Bomb - Main,168.75,56.25
Flower Power,Flower Power main,183.95,61.32
,,,0
Ginger Ninja,Ginger ninja red,10.06,3.35
Ginger Ninja,Ginger ninja white,110,36.67
strawberry & Cream,Strawberries&Cream Green,2.31,0.77
Strawberry & Cream,Strawberries&Cream Red,39.385,13.13
Strawberries & Cream,Strawberries&Cream Cream Filling,11.9,0
Pirates Of The Carragenan,Pirates O T C - Main,136,45.33
Pirates Of The Carragenan,Pirates O T C - Yellow,45,15
youki hi,Youki Hi '18 Pressing,178,59.33
youki hi,Youki Hi '18 - Salt,3.7,0
sushi,sushi white,131.44,43.81
geo PHYZZ,Geo Phyzz '18,58,19.33
hi ho silver,hi ho silver main,53,17.67
Hi ho Silver,hi ho silver insert,21.4,7.13
goldrush,Goldrush - Main,42.988418,14.33
Goldrush,Goldrush - Insert,26.608866,7.07
moon spell,Moon Spell Pink,65.57,19.59
Moon spell,Moon Spell Blue,142.22,47.41
peng,Peng blue,25,8.33
Peng,Peng Red,23.08,7.69
Peng,Peng white,91.67,30.56
Peng,Peng yellow,25,8.33
Turmeric Latte,Turmeric Latte Cream Mix,41.76,13.92
Turmeric Latte,Turmeric LatteDecoration,0.384,0
Turmeric Latte,Turmeric Latte Gold Out,42.912,14.3
Splash,Splash Dark blue,65.15,21.72
Splash,Splash pale Blue,65.15,21.72
Splash,Splash white,45.6,15.2
Turmeric Latte,Turmeric Latte Gold Ins,59.04,19.68
yokuzuna,yokuzuna red salt,23,0
Kappa,Kappa Blue,165,55
Kappa,Kappa Green,12.518,4.17
Blue skies & Fluffy white clouds,Blue skies & Fluffy white clouds Blue,86.21,28.74
Blue skies & Fluffy white clouds,Blue skies & Fluffy white clouds White,86.21,28.74
Ne worry pas harajuku,Ne worry pas harajuku,173.08,57.69
Yokuzuna,Yokuzuna Black,2.22,0.74
Yokuzuna,Yokuzuna orange,136.84,45.61
Yokuzuna,Yokuzuna white,34,11.33
Figaro Figaro,Figaro green,1.94,0.65
Figaro Figaro,Figaro Pink,73.21,24.4
Figaro Figaro,Figaro yellow,16.67,5.56
Magic Harajuku,Magic '18 Turquoise,143.48,47.83
Shijimi Butterfly,Shijimi Butterfly Dark blue,40.49,13.5
Shijimi Butterfly,Shijimi Butterfly light blue,40.49,13.5
Shijimi Butterfly,Shijimi Butterfly black,7,2.33
Levander giant bombshell,Levander Giant Bombshell top,160.214,53.4
Fairy Jasmine harajuku,Fairy Jasmine '18 Main,182.16,60.72
tea and sympathy harajuku,Tea and Sympathy '18,178.5,59.5
Bom Perignon,Bom Perignon main,89.85,29.95
star spell,Star Spell Yellow,54.48,18.16
Star spell,Star Spell Red,105.2,35.07
sea salt Giant bombshell,Sea Salt Bombshell Bottom,103.125,34.38
Fairy Trumpets,Fairy Trumpets '18 Pink,80.46,26.82
Fairy Trumpets,Fairy Trumpets '18Yellow,99.34,33.11
Magma,Magma '18 Orange,55,18.33
Magma,Magma '18 Red,70,23.33
Magma,Magma '18 Yellow,55,18.33
fruity,fruity top,153.18,51.06
fruity,fruity bottom,167.41,55.8
Levander giant bombshell,lavander Giant bombshell bottom,179.04,59.68
Magic Harajuku,Magic '18 Pink,31.62,10.54
So White '18,So White '18 Main,168,56
Blue pill shower,Blue Pill shower bomb,61.26,7.96
Red pill shower,Red Pill shower bomb,60.2,7.82
Comfort Zone shower,Comfort Zone shower bomb,36.267,4.6
Wake up call shower,Wake Up Call shower bomb,41.82,4.65
Luck shower,Luck shower bomb,42.42,5.51
Love shower,Love shower bomb,36.32,4.72
Meditation shower,Meditation shower bomb,40.13,5.21
Meditation Shower Bomb,Meditation shower bomb Spray,3.3,0
Validation shower,Validation shower bomb,31.94,4.15
Supernatural shower,Supernatural Powers ShBo,50.34,6.54
Tantric EnergyShower,Tantric EnergyShowerBomb,40.41,5.25
sea salt Giant bombshell,Sea Salt Bombshell Top,103.125,34.38
Safflower Bath Salt,Safflower Bath Salt,4,0
Safflower Bath Salt,Safflower Bath Yellow,27.74,9.25
Safflower Bath Salt,Safflower Bath Green,63.64,21.21
Golden Pear Bottom,golden pear bottom,70,23.33
Golden Pear Top,golden pear top,53.33,17.78
,,,0
Which couldron pink,which couldron pink,14.7345,4.91
Which couldron green,which couldron green,18.414,6.14
Which couldron yellow,which couldron yellow,16.203,5.4
Time traveller Pink,Time traveller pink,9.8505,3.28
time traveller blue,Time traveller Blue,12.309,4.1
Time traveller purple,Time traveller purple,11.5005,3.83
,,,0
Groovy Party Kit (10),Groovy Party Kit (10) Blue,178.4,59.47
Groovy Party Kit (10),Groovy Party Kit (10) Orange,499.6,166.53
Groovy Party Kit (10),Groovy Party Kit (10) Pink,359.3,119.77
Groovy Party Kit (10),Groovy Party Kit (10) Yellow,359.3,119.77
Groovy Party Kit (10),Groovy Party Kit (10) Purple,178.4,59.47
,,,0
,,,
,,,
,,,
,,,
,,,
,,,0
Geode kit 50ea,Geode kit 50 Gold,6200,2066.67
Geode kit 50ea,Geode kit 50ea Pink,1240,413.33
Geode kit 50ea,Geode kit 50ea Gold salt,550,0
Geode kit 50ea,Geode kit 50ea purple salt,550,0
,,,0
Hulder kit 10ea,Hulder kit 10ea decoration,20,6.67
Hulder kit 10ea,Hulder kit 10ea Green,1240,413.33
Hulder kit 10ea,Hulder kit 10ea Purple,225,75
Hulder kit 10ea,Hulder kit 10ea Purple salt,90,0
Hulder kit 10ea,Hulder kit 10ea Green salt,90,0
,,,0
Blackberry kit 10ea,Blackberry kit 10ea,1760,586.67
,,,0
Hulder kit 50ea,Hulder kit 50ea decoration,9,3
Hulder kit 50ea,Hulder kit 50ea Green,6200,2066.67
Hulder kit 50ea,Hulder kit 50ea Purple,1125,375
Hulder kit 50ea,Hulder kit 50ea Purple salt,450,0
Hulder kit 50ea,Hulder kit 50ea Green salt,450,0
,,,0
Pirates kit 50ea,Pirates kit 50ea main,6800,2266.67
Piratess kit 50ea,Pirates kit 50ea yellow,2250,750
,,,0
,,,0
,,,0
,,,0
,,,0
,,,0
Pirates kit 10ea,Pirates kit 10ea main,1400,466.67
Pirates kit 10 ea,Pirates kit 10ea yellow,450,150
,,,0
,,,0
,,,0
butterball kit 20ea,Butterball kit 20ea,1594,554.25
,,,0
,,,0
,,,0
,,,0
,,,0
,,,0
Calm a Lama,Calm A Llama Insert,0,0
Calm a Lama,Calm A Llama Orange,54.8595,18.29
Calm a Lama,Calm A Llama Pink,54.69525,18.23
Calm a Lama,Calm A Llama Yellow,54.69525,18.23
,,,0
catepillar,Caterpillar Green Top,50.729073,16.91
catepillar,Caterpillar Green Belly Top,1.8037,0.6
catepillar,Caterpillar Orange Top,41.259646,13.75
catepillar,Caterpillar Yellow Top,9.018502,3.01
catepillar,Caterpillar Green Belly Bottom,3.607401,1.2
catepillar,Caterpillar Green Bottom,93.792419,31.26
catepillar,Caterpillar Yellow Bottom,18.037004,6.01
blacberry party kits 50,Blackberry Party Kit (50ea),8800,2933.33
,,,0
Pumpkin With Insert,Pumpkin '19 Green,4.14,1.38
Pumpkin With Insert,Pumpkin '19 Orange,91.08,30.36
Pumpkin With Insert,Pumpkin '19 Yellow,8.28,2.76
WSD,World's Smallest Disco '19 - Black,150,50
WSD,World's Smallest Disco '19 - Pink,3.57,1.19
Lush Pud Dots,Lush Pud '20 - Blue Dot,5.25,1.75
Lush Pud Dots,Lush Pud '20 - Green Dot,5.25,1.75
Lush Pud Dots,Lush Pud '20 - Orange Dot,5.25,1.75
Lush Pud Dots,Lush Pud '20 - Green Holly,1,0.33
Luxury Lush Pud '20,Lush Pud '20 - Pink,124.55,41.52
Luxury Lush Pud '20,Lush Pud '20 - White,21,7
Dont let the bells end,Don't Let The Bells End - Orange,166.67,55.56
Dont Let The Bells End - Bell,Don't Let The Bells End - Yellow Bell,30,10
Dont Let The Bells End - Bell,Don't Let The Bells End - Red Ribbon,2.5,0.83
,,,0
,,,0
Fly me to the moon,Fly Me To The Moon - White,166.67,55.56
Fly me to the moon,Fly Me To The Moon - Purple UFO,36,12
,,,0
Giant Lush Pud,Giant Lush Pud - Blue Dot (T),9,3
Giant Lush Pud,Giant Lush Pud - Green Leaf,3,1
Giant Lush Pud,Giant Lush Pud - Orange Dot (T),18,6
Giant Lush Pud,Giant Lush Pud - Yellow Dot (T),9,3
Giant Lush Pud,Giant Lush Pud - Pink Main (T),86.625,28.88
Giant Lush Pud,Giant Lush Pud - White Main (T),34.125,11.38
Giant Lush Pud,Giant Lush Pud - Pink Main (B),102.395,34.13
Giant Lush Pud,Giant Lush Pud - Blue Dot (B),9,3
Giant Lush Pud,Giant Lush Pud - Yellow Dot (B),18,6
Giant Lush Pud,Giant Lush Pud - Orange Dot (B),9,3
,,,0
Holly Golightly '20,Holly Golightly '20 - Green Main,127,42.33
Holly Golightly '20,Holly Golightly '20 - HOLLY Green,68,22.67
Holly Golightly '20,Holly Golightly '20 - HOLLY Red,2,0.67
Holly Golightly '20,Holly Golightly '20 - Bubble Filling,50,0
,,,0
Jingle Bells '20,Jingle Bells '20 - White Main,118.42,39.47
Jingle Bells '20,Jingle Bells '20 - Red Ribbon,17,5.67
Jingle Bells '20,Jingle Bells '20 - Blue Salt,7.37,0
,,,0
,,,
,,,
,,,
,,,0
Not so secret santa,Not So Secret Santa - White,73,24.33
Not so secret santa,Not So Secret Santa - Red,30,10
,,,0
Polar bear nose,Polar Bear Nose Shower Bomb,48.47,6.3
,,,0
Pop Art,Pop Art - White,109.12,27.28
Pop Art,Pop Art - Red,29.7,9.9
Pop Art,Pop Art - Yellow,33,11
,,,0
Penguin Bomb Bomb BASE,Penguin Bomb Bomb - Blue (T&B),300,100
Penguin Bomb Bomb BASE,Penguin Bomb Bomb - White (B),30,10
Penguin Bomb Bomb BASE,Penguin Bomb Bomb - Yellow (B),7.2,2.4
,,,0
,,,0
Penguin Bomb Bomb TOP,Candy eyes Man in moon,2,0.67
Santa bomb bomb,Santa Bomb Bomb - Red (B),99.75,33.25
Santa bomb bomb,Santa Bomb Bomb - White (B),34.2,11.4
Santa bomb bomb,Santa Top Candy Eyes,2,0.67
Santa bomb bomb,Santa Bomb Bomb - Red (T),69.35,23.12
Santa bomb bomb,Santa Bomb Bomb - White (T),123.5,41.17
Elf bomb bomb,Elf Bomb Bomb - Green (T),53.0765,17.69
Elf bomb bomb,Elf Bomb Bomb - Red (B),31.44375,10.48
Elf bomb bomb,Elf Bomb Bomb - Yellow (T),88.45775,29.49
Elf bomb bomb,Elf Bomb Bomb Candy Eyes,2,0.67
Elf bomb bomb,Elf Bomb Bomb - Green (B),111.88125,37.29
,,,
,,,
,,,0
,,,0
,,,
,,,
,,,
,,,
,,,
Fireball,Fireball - Orange,60,20
Fireball,Fireball - Red,13.86,4.62
Fireball,Fireball - Yellow,68.355,22.79
Santa's Grotto,Santa's Grotto - Blue,82.11,27.37
Santa's Grotto,Santa's Grotto - Gold Salt,6.3,0
Santa's Grotto,Santa's Grotto - Green,94.605,31.54
Santa's Grotto,Santa's Grotto - Pink Salt,4.2,0
Santa's Grotto,Santa's Grotto - White Salt,2.1,0
Santa's Grotto,Santa's Grotto - XL Gold Salt,3.15,0
Rudolph - with tag,Rudolph '19 - Orange,78,26
Rudolph - with tag,Rudolph '19 - Red,11.25,3.75
Chris the camel,Chris The Camel - Blue,33.68,11.23
Chris the camel,Chris The Camel - Pink,3.42,1.14
Chris the camel,Chris The Camel - Gold,128.59,42.86
,,,
,,,
,,,
,,,
,,,
,,,
,,,
,,,
Snowman Nose,Snowman Nose Shower Bomb,32,4.16
Mercury Retrograde,Mercury Retrograde Green,24.38,5.63
Mercury Retrograde,Mercury Retrograde Orange,129.6,43.2
Mercury Retrograde,Mercury Retrograde Purple,24.38,5.63
Mercury Retrograde,Mercury Retrograde Black Salt,7.2,0
,,,
,,,
,,,
Snow Fairy Crystal '20,Snow Fairy Crystal '20 - Pink Main,135.307,45.1
Snow Fairy Crystal '20,Snow Fairy Crystal '20 - Bubble Filling,58,0
Snow Fairy Crystal '20,Snow Fairy Crystal '20 - Gold Star,62.489,20.83
Tennis Ball,Tennis Ball Mix,182.24,60.75
,,,0
Rainbow Brighton,Rainbow Bright Green,19.75,6.58
Rainbow Brighton,Rainbow Bright Orange,68.31,22.77
Rainbow Brighton,Rainbow Bright Red,18.18,6.06
Rainbow Brighton,Rainbow Bright Yellow,56.37,18.79
,,,0
,,,0
Fun snow fairy,Fun snow fairy Yellow,8.25,2.75
fun snow fairy,Fun snow fairy Green,8.25,2.75
fun snow fairy,Fun snow fairy Pink,12,4
Fun Magic,Fun magic gold,8.25,2.75
Fun Magic,Fun Magic Blue,8.25,2.75
Fun Magic,Fun Magic Purple,8.25,2.75
,,,0
Party Kit - Monster Ball,Monsters' Ball Party Kit (10) - Blue,490,163.33
Party Kit - Monster Ball,Monsters' Ball Party Kit (10) - Pink Fizz,360,120
Party Kit - Monster Ball,Monsters' Ball Party Kit (10) - Pink Main,1053,351
,,,0
Goggs,Goggs Pink,111,37
,,,0
Frozen (Inc Inserts),Frozen - Dark Blue,79.35,26.45
Frozen (Inc Inserts),Frozen - Light Blue,85.905,28.64
Frozen (Inc Inserts),Frozen - Silver,7.245,2.42
,,,0
Fox,Fox - Orange,70,23.33
Fox,Fox - White,2,0.67
Abombinaball,Abombinaball - Main,136.592575,45.53
Abombinaball,Abombinaball - Blue,39.850427,13.28
Abombinaball,Abombinaball - Middlesnow,11.111111,3.7
Abombinaball,Abombinaball - Blue Spray,3.675214,0
Roller '19,Roller - White,102.86,34.29
Roller '19,Roller - Blue,15.47,5.16
Roller '19,Roller - Peach,15.31,5.1
Roller '19,Roller - Pink,16.51,5.5
Roller '19,Roller - Purple,15.23,5.08
Roller '19,Roller - Turquoise,15.29,5.1
Roller '19,Roller - Melt,10.29626,0
Space Girl,Space Girl,138.09,46.03
Space Girl,Space Girl - Spray,0.270553,0
Party Kit - Santa's Grotto,Santa's Grotto Party Kit (10) - Blue,782,260.67
Party Kit - Santa's Grotto,Santa's Grotto Party Kit (10) - Gold Salt,60,0
Party Kit - Santa's Grotto,Santa's Grotto Party Kit (10) - Green,901,300.33
Party Kit - Santa's Grotto,Santa's Grotto Party Kit (10) - Pink Salt,40,0
Party Kit - Santa's Grotto,Santa's Grotto Party Kit (10) - White Salt,20,0
Party Kit - Santa's Grotto,Santa's Grotto Party Kit (10) - XL Gold Salt,30,0
Abombinaball,Abombinaball - Yellow Spray,0.207265,0
Party Kit - Fireball,Party Kit - Fireball Orange (10),600,200
Party Kit - Fireball,Party Kit - Fireball Red (10),138,46
Party Kit - Fireball,Party Kit - Fireball Yellow (10),683,227.67
,,,0
Party Kit - Pop Art,Party Kit - Pop Art White (10),1091,363.67
Party Kit - Pop Art,Party Kit - Pop Art Red (10),297,99
Party Kit - Pop Art,Party Kit - Pop Art Yellow (10),330,110
,,,0
Party Kit Lush Pud,Party Kit Lush Pud White,290,96.67
Party Kit Lush Pud,Party Kit Lush Pud Pink,1260,420
,,,0
Dinosaur Bombshell Blue,Dinosaur Egg Blue,100,33.33
Dinosaur Bombshell Yellow,Dinosaur Egg Yellow,100,33.33
,,,0
Magic Rabbit Black Main,Magic Rabbit Black,133,44.33
Magic Rabbit Red Ribbon,Magic Rabbit Red,15,5
,,,0
Dirty Bath Bomb,Dirty - Blue,23.55,7.85
Dirty Bath Bomb,Dirty - Dark Blue,12.94,4.31
Dirty Bath Bomb,Dirty - Green,92.04,30.68
Dirty Bath Bomb,Dirty - Light Green,23.55,7.85
Dirty Bath Bomb,Dirty - Yellow,12.94,4.31
,,,0
Blazin Bad Zula Main,Blazin Bad Zula Gold,125,41.67
Blazin Bad Zula Insert,Blazin Bad Zula Insert,41.67,13.89
,,,
,,,0
Love Locket Blue Insert'21,Love Locket Blue,1.5,0.5
Love Locket Green Insert'21,Love Locket Green,1.5,0.5
Love Locket Plug'21,Love Locket Yellow Keyhole,28,9.33
Love Locket Orange Insert'21,Love Locket Orange,1.5,0.5
Love Locket'21,Love Locket Pink,160,53.33
Love Locket Yellow Insert'21,Love Locket Yellow Hearts,1.5,0.5
,,,0
Blue Gardenia Bicarb Blue,Blue Gardenia Bicarb Blue,24.61005,8.2
Blue Gardenia Salt,Blue Gardenia Salt,3.5496,0
Blue Gardenia Bicarb Yellow,Blue Gardenia Bicarb Yellow,56.44782,9.19
,,,0
Black Ninja,Black Ninja - White,93.339844,31.11
Black Ninja,Black Ninja - Red,7.910156,2.64
Black Ninja,Black Ninja Spray,6.42618,0
Roar,Roar,67.5,22.5
,,,0
Temple Of The Sky,Temple of the Sky - Blue,40.87,13.62
Temple Of The Sky,Temple of the Sky - Gold,38.77,12.92
Temple Of The Sky,Temple of the Sky - White,40.87,13.62
,,,0
Tengri,Tengri - Green,16.491892,5.5
Tengri,Tengri - Pink,72.381081,24.13
Tengri,Tengri - White,80.627027,26.88
,,,0
Flight,Flight - Blue,118.548,39.52
Flight,Flight - Green,8.325,2.78
Flight,Flight - Purple,34.965,11.66
Flight,Flight - Red Salt,3.108,0
Flight,Flight - Yellow Salt,3.108,0
,,,0
New Think Pink,Think Pink Spray,8,0
Dragon's Egg '21 - New Flat base,Dragon Egg Dots,0.3092,0
Rocket,Stars For Rocket,0.080745,0
Rocket,Lustre For Rocket,0.056604,0
Sleepy,Lustre For Sleepy,0.0045,0
Royalty,Lustre For Royalty,0.051301,0
Geode,Lustre For Geode,0.139132,0
Melusine,Lustre For Melusine,0.1,0
Love Shower Bomb,Lustre For Love,0.19,0
Pirates Of The Carragenan,Lustre For Pirates,0.000121,0
,,,0
Moon On The Stick,Moon on a stick middle,57.33585,19.11
Moon On The Stick,Moon on a stick inner,12.25125,4.08
Moon On The Stick,Moon on a stick outer,93.7629,31.25
,,,0
,,,0
,,,0
I Want A Hippopotamumus'21,I Want a Hippopotamus,78,26
I Want A Hippopotamumus'21,I Want a Hippopotamus - Stars,0.1089,0
,,,0
,,,0
Angels Delight '20,Angels Delight - Gold,4.5,1.5
Angels Delight '20,Angels Delight - Pink,82,27.33
,,,0
Bat Art '23 (Sheets),Bat Art - Black,88.75,29.58
Bat Art '23 (Sheets),Bat Art - Blue,3,1
Bat Art '23 (Sheets),Bat Art - Pink,3,1
Bat Art '23 (Sheets),Bat Art - Silver,3,1
Bat Art '23 (Sheets),Bat Art - Ink,5,0
Sugar Plum Shbomb '20,Sugar Plum Shower Bomb,39.8,5.17
Sugar Plum Shbomb '20,Sugar Plum Shower Bomb - Lustre,0.1,0
Winter Garden '20,Winter Garden - Main,78.705,27.3
Winter Garden '20,Winter Garden - Flowers,0.78,0
,,,0
,,,0
,,,0
Yoga Bom,Yoga Bomb - Orange Gold,110.6,36.87
Yoga Bom,Yoga Bomb - Green,20.6,6.87
Yoga Bom,Yoga Bomb - Purple,33.8,11.27
,,,0
Tick-Tock '20,Tick-Tock,90,30
Tick-Tock '20,Tick-Tock - Spray,5,0
,,,0
Shoot For The Stars Mini Gco,Shoot For The Stars MINI,71.5,23.83
Intergalactic Mini Gco,Intergalactic MINI,78.95,26.32
Avobath Mini Gco,Avobath MINI,83.33,27.78
Groovy Kind Of Love Mini Gco,Groovy Kind Of Love MINI,85,28.33
Snow Fairy Mini Gco,Snow Fairy MINI,82.5,27.5
,,,0
Irl,IRL White Bicarb,61.5,20.5
Irl,IRL Sandy Beach,30.6,10.2
Irl,IRL Blue Sea Insert,40.2,13.4
Irl,IRL Tropical Sun Insert,40.2,13.4
Irl,IRL Blue Melt,1,0.33
Irl,IRL Pink Melt,4.5,1.5
,,,0
Skullduggery,Skullduggery - White,103.99284,34.66
Skullduggery,Skullduggery - Red,1.185,0.4
,,,0
Pumpkin Bombshell,Pumpkin Bombshell - Orange,282,94
,,,0
Hokkaido,Hokkaido Winter Bath,86.25,28.75
,,,0
Jingle Spell,Jingle Spell,172.44,57.48
,,,0
Sinterklaas,Sinterklaas Gold,70,23.33
Sinterklaas,Sinterklaas Red,17,5.67
,,,0
Heart Beat'21,Heart Beat - Dark Red,23.33,6.77
Heart Beat'21,Heart Beat - Red,130.3,43.43
,,,0
Love Me Do'21,Love Me Do,174,58
,,,0
Humpty Dumpty,Humpty Dumpty - Blue,85.71,28.57
Humpty Dumpty Inserts,Humpty Dumpty - White Insert,30,10
Humpty Dumpty,Humpty Dumpty - Yellow (Main),133.33,44.44
Humpty Dumpty Inserts,Humpty Dumpty - Yellow (Insert),2.7,0.9
,,,
,,,
,,,
,,,
,,,
,,,
Owl And The Pussycat - Cat,Owl And The Pussycat - Blue Cat,43,14.33
Owl And The Pussycat - Boat,Owl And The Pussycat - Green Boat,120,40
Owl And The Pussycat - Owl,Owl And The Pussycat - Yellow Owl,38,12.67
,,,0
Eggy Wegg,Eggy Wegg - Pink,125,41.67
Eggy Wegg Insert,Eggy Wegg - White (Eggs),6.22,2.07
Eggy Wegg Insert,Eggy Wegg - Yellow (Eggs),1.336,0.45
Eggy Wegg,Eggy Wegg - Yellow (Insert),20.8,6.93
Follow The White Rabbit,Follow White Rabbit - Red,6.75,2.25
Follow The White Rabbit,Follow White Rabbit - Blue,2.25,0.75
Follow The White Rabbit,Follow White Rabbit - Pink,4.5,1.5
Follow The White Rabbit,Follow White Rabbit - Yellow,4.5,1.5
Follow The White Rabbit,Follow White Rabbit - White,72,24
,,,0
Mother Of Pearl,Mother of Pearl '21,157.5,52.5
Mother Of Pearl,Mother of Pearl - Melt,6.786,2.26
,,,0
Atom Heart Mother,Atom Heart Mother - Blue,123,41
Atom Heart Mother,Atom Heart Mother - Pink,23,7.67
Atom Heart Mother,Atom Heart Mother - White,24,8
Atom Heart Mother INSERT,Atom Heart White,8,2.67
,,,
Rose Gold - For Ayr New Fragrance,Rose Gold - Orange,75,25
Rose Gold - For Ayr New Fragrance,Rose Gold - Pink,84,28
Rose Gold - For Ayr New Fragrance,Rose Gold - Spray,11,3.67
,,,0
Sleeping Giant Bombshell  Top+Bottom,Sleeping Giant - Blue,124.13,41.38
Sleeping Giant Bombshell  Top+Bottom,Sleeping Giant - Pink,132.75,44.25
,,,0
Mrs Whippy,Mrs Whippy - Pink,20,6.67
Mrs Whippy,Mrs Whippy - Sugar,2,0
Mrs Whippy,Mrs Whippy - White,60,20
,,,0
Lush Bomb,Lush Bomb - Green,78.75,26.25
Lush Bomb,Lush Bomb - Yellow,78.75,26.25
,,,0
04:20PM Bath bomb,4:20pm - Green,82.5,27.5
04:20PM Bath bomb,4:20pm - Pink,82.5,27.5
,,,0
Frog Prince,Frog Prince,81.840375,27.28
,,,0
April showers purple,April showers purple,20.231,6.74
AprilShowerswhiteBicarb,AprilShowerswhiteBicarb,85.106,28.37
,,,0
Diamond Dust Green,Diamond Dust Green,56.5,18.83
Diamond Dust Pink,Diamond Dust Pink,56.5,18.83
Diamond Dust Yellow,Diamond Dust Yellow,56.5,18.83
,,,0
,,,0
Temple of the sky'21-New flatbase,Temple Of The Sky'21 - Gold,38.8,12.93
Temple of the sky'21-New flatbase,Temple Of The Sky'21 - Blue,40.9,13.63
Temple of the sky'21-New flatbase,Temple Of The Sky'21 - White,40.9,13.63
,,,0
Ickle Baby Bot '21- New Moulds,Ickle Baby Bot '21- New moulds,78,26
,,,0
,,,0
,,,0
,,,0
,,,0
,,,0
TBH 365,TBH 365 - Gold,95.85,31.95
TBH 365,TBH 365 - Orange,11.98125,3.99
TBH 365,TBH 365 - Red,23.9625,7.99
TBH 365,TBH 365 - White,24.975,8.33
TBH 365,TBH 365 - Yellow,11.98125,3.99
,,,0
WHITE NOISE,White Noise Blue,39,13
WHITE NOISE,White Noise Green,39,13
WHITE NOISE,White Noise Silver,62,20.67
WHITE NOISE,White Noise White,28,9.33
,,,0
Twilight'21 V2 Pink,Twilight Pink '21,99.789,33.26
Twilight'21 V2 Turqoise,Twilight Turquoise '21,74.211,24.74
,,,0
Peau De Paris Bombshell Blue Bottom,Peau-Paris Blue Bottom,125.2,41.73
Peau De Paris Bombshell Blue Top,Peau-Paris Blue Top,125.2,41.73
Peau De Paris Bombshell Green Bottom,Peau-Paris Green Bottom,125.2,41.73
Peau De Paris Bombshell Green Top,Peau-Paris Green Top,125.2,41.73
Peau De Paris Bombshell Pink Bottom,Peau-Paris Pink Bottom,125.2,41.73
Peau De Paris Bombshell Pink Top,Peau-Paris Pink Top,125.2,41.73
Peau De Paris Bombshell Yellow Bottom,Peau-Paris Yellow Bottom,125.2,41.73
Peau De Paris Bombshell Yellow Top,Peau-Paris Yellow Top,125.2,41.73
,,,0
Pumpkin Pumpkin'22,Pumpkin - Green,2.4,0.8
Pumpkin Pumpkin'22,Pumpkin - Orange,72,24
Pumpkin Pumpkin'22,Pumpkin - Yellow,27,9
,,,
Ghostie'22,Ghostie Blue,9,3
Ghostie'22,Ghostie Pink,9,3
Ghostie'22,Ghostie White,94,31.33
Ghostie'22,Ghostie Purple,9,3
,,,
,,,
,,,
,,,
Butterbear'21(Pink),Butterbear'21 - Pink,83,27.67
Sleepy Bear '22,Sleepy Bear '22 - Topping,0.5,0
Sleepy Bear '22,Sleepy Bear '22,83,27.67
Snowman Dreaming'21,Snowman dreaming '21- White,62.3,20.77
Snowman Dreaming'21,Snowman dreaming '21- Blue,6.9,2.3
Snowman Dreaming'21,Snowman dreaming '21- Pink,6.9,2.3
Snowman Dreaming'21,Snowman dreaming '21- Purple,6.9,2.3
Snowman Dreaming'21,Snowman dreaming '21- Yellow,6.9,2.3
Snowball Bath Bomb'21,Snowball '21- White,136,45.33
Snowball Bath Bomb'21,Snowball '21- Blue,38,12.67
You Shall Go To The Ball'21,You shall go to the ball - Pink,89,29.67
You Shall Go To The Ball'21,You shall go to the ball - Yellow,45,15
You Shall Go To The Ball'21,You shall go to the ball - Spray,5,0
Orange Pop Bath Bomb'21,Orange Pop - Orange,138,46
Orange Pop Bath Bomb'21,Orange Pop - Green,7,2.33
Orange Pop Bath Bomb'21,Orange Pop - Red,23,7.67
Snow Fairy BALL '22,Snow Fairy '22- White Main,50.9,16.97
Snow Fairy BALL '22,Snow Fairy '22-Blue Snowflake,27.41,9.14
Snow Fairy BALL '22,Snow Fairy '22- Pink,58.4,19.47
Snow Fairy BALL '22,Snow Fairy '22- White Snowflake,27.41,9.14
Shoot For Stars '23,Shoot For Stars '23,130.5,43.5
Shoot For Stars '23,Star,39.72,0
Jingle Bells'21,Jingle bells '21 - Blue,7.37,0
Jingle Bells'21,Jingle bells '21- Red,17,5.67
Jingle Bells'21,Jingle bells '21 - White,118.42,39.47
Hey Hollywood '21,Hey Hollywood 21- Berries Red,4,1.33
Hey Hollywood '21,Hey Hollywood '21 - Green,87,29
Hey Hollywood '21,Hey Hollywood '21- Blue Insert,41,13.67
Hey Hollywood '21,Hey Hollywood '21- Pink Insert,41,13.67
Hey Hollywood '21,Hey Hollywood 21- Spray,8,0
Golden Pudding '21,Golden pudding '21 - Gold,74,24.67
Golden Pudding '21,Golden pudding '21 - White,21,7
Golden Pudding '21,Golden pudding '21 - Orange insert,40,13.33
Golden Pudding '21,Golden pudding '21 - Pink insert,40,13.33
Golden Pudding '21,Golden pudding '21 - Spray,7,0
Rudolph nose'21,Rudolph nose'21 - Spray,1.44,0
Rudolph nose'21,Rudolph nose'21,43.32,5.63
Slilver Bells shower bomb'21,Silver Bells shower bomb'21 spray,4,0
Slilver Bells shower bomb'21,Silver Bells shower bomb'21,68.86,8.43
Santa'S Magic Sleight'21,Santa's Magic Sleight '21 - White Beard,1.5,0.5
Santa'S Magic Sleight'21,Santa's Magic Sleight '21- Red,30,10
Santa'S Magic Sleight'21,Santa's Magic Sleight '21 - White Bear,32,10.67
Santa'S Magic Sleight'21,Santa's Magic Sleight '21- Yellow,143,47.67
Snow Fairy Lights '22,Snow Fairy Lights '22,146.25,48.75
Snow Fairy Lights'22 plug,Snow Fairy Lights'22 plug,31,10.33
Snow Fairy Lights '22,Snow Fairy Lights '22 BLU Confetti,3.9,
Snow Fairy Lights '22,Snow Fairy Lights '22 GREEN Confetti,3.9,
Snow Fairy Lights '22,Snow Fairy Lights '22 ORANGE Confetti,4.2,
Snow Fairy Lights '22,Snow Fairy Lights '22 PINK Confetti,15.2,
Snow Fairy Lights '22,Snow Fairy Lights '22 YELLOW Confetti,4.2,
Snow Fairy Lights '22,Snow Fairy Lights'22 - LID - lustre,0.00975,
Cinders'21,Cinders '21- Main,90.32,26.49
Cinders'21,Cinders '21- Orange Salt Mix,7,0
Cinders'21,Cinders '21- Red Salt Mix,7,0
Cinders'21,Popping Candy-Vegan,2.8,0
,,,0
Sleepy bath bomb'21,Sleepy bath bomb'21 Black,25.3,8.43
Sleepy bath bomb'21,Sleepy bath bomb'21 Moons,1.1,0.37
Sleepy bath bomb'21,Sleepy bath bomb'21 Stars,1.2,0.4
Sleepy bath bomb'21,Sleepy bath bomb'21 Yellow,12,4
Sleepy bath bomb'21,Sleepy bath bomb'21 Main,108.9,36.3
,,,0
Baby Blue,Baby Blue,45,15
The Sicilian,The Sicilian,174,58
Lakes Bath Bomb,The Lakes - Blue,84.7,28.23
Lakes Bath Bomb,The Lakes - Green,42.4,14.13
Lakes Bath Bomb,The Lakes - Pink,42.4,14.13
Snow Fairy'21,Lustre for Snow Fairy,0.03643,0.01
,,,0
Rangoli Dreams '22,Rangoli Dreams '22 Orange,37.56,12.52
Rangoli Dreams '22,Rangoli Dreams '22 Red,37.56,12.52
Rangoli Dreams '22,Rangoli Dreams '22 Yell,37.56,12.52
Rangoli Dreams '22,Rangoli Dreams '22 Spray,5,0
,,,0
Summer Blues,Summer Blues,174,58
,,,0
,,,
,,,
,,,
,,,
,,,
Black rose'21,Black rose '21 Black,124,41.33
Black rose'21,Black rose '21 Purple,38,12.67
Black rose'21,Black rose '21 spray,8,0
Toby's magic cow,Toby's magic cow Blue,10.5,3.5
Toby's magic cow,Toby's magic cow Pink,10.5,3.5
Toby's magic cow,Toby's magic cow White,61.5,20.5
Toby's magic cow,Toby's magic cow Purple,10.5,3.5
Toby's magic cow,Toby's magic cow Yellow,10.5,3.5
GRANNY  TAKES THE DIP,Granny Takes Green,16,5.33
GRANNY  TAKES THE DIP,Granny Takes Pink,75,25
GRANNY  TAKES THE DIP,Granny Takes Red,29,9.67
GRANNY  TAKES THE DIP,Granny Takes Blue,42,14
Unicorn Poop Bath bomb,Unicorn Poop Pink,70,23.33
Unicorn Poop Bath bomb,Unicorn Poop Green,11,3.67
Unicorn Poop Bath bomb,Unicorn Poop Purple,11,3.67
Unicorn Poop Bath bomb,Unicorn Poop White,41,13.67
Unicorn Poop Bath bomb,Unicorn Poop Yellow,11,3.67
Golden Pudding '21 AF,Golden Pudding '21 AF Gold,74,24.67
Golden Pudding '21 AF,Golden Pudding '21 AF Orange,40,13.33
Golden Pudding '21 AF,Golden Pudding '21 AF Pink,40,13.33
Golden Pudding '21 AF,Golden Pudding '21 AF White,21,7
Golden Pudding '21 AF,Golden Pudding '21 AF Spray,7,2.33
,,,0
Enchanter '21,Enchanter '21 Orange,46.2,15.4
Enchanter '21,Enchanter '21 Pink,75.6,25.2
Enchanter '21,Enchanter '21 Yellow,46.2,15.4
,,,0
Hot java,Hot java,167.29,55.76
,,,0
Luxe Bath Bomb,Luxe Bath Bomb Gold,51.5,17.17
Luxe Bath Bomb,Luxe Bath Bomb Purple,73.25,24.42
Luxe Bath Bomb,Luxe Bath Bomb Green,16,5.33
Luxe Bath Bomb,Luxe Bath Bomb Pink,16,5.33
,,,0
THE EXPERIMENTER,Experimenter '21 - Blue,62.7,20.9
THE EXPERIMENTER,Experimenter '21 - Gold,31.35,10.45
THE EXPERIMENTER,Experimenter '21 - Pink,31.35,10.45
THE EXPERIMENTER,Experimenter '21 - White,31.35,10.45
,,,0
,,,0
Mr Loba Loba '22,Mr Loba Loba '22 - Red,86,28.67
Mr Loba Loba '22,*Hearts - Red Edible,0.1,
,,,0
Lovebug '22,Lovebug '22 BLUE,39.38,13.13
Lovebug '22,Lovebug '22 PINK,87.9,29.3
Lovebug '22,Lovebug '22 YELLOW,7.88,2.63
,,,0
BigAubergineEnergy '22,BigAubergineEnergy - Blue,92,30.67
BigAubergineEnergy '22,BigAubergineEnergy - Green,29.5,9.83
BigAubergineEnergy '22,BigAubergineEnergy - Purple,177,59
BigAubergineEnergy '22,BigAubergineEnergy - Purple Tip,27,9
,,,0
Think Pink'21,Think Pink '21 PINK,47.63,15.88
Think Pink'21,Think Pink '21 SILVER,47.63,15.88
Think Pink'21,Think Pink '21 VIVID,75,25
Think Pink'21,Think Pink '21 SPRAY,8,
,,,0
Perle De Sel,Perle De Sel '21 WHITE,89.19,29.73
Perle De Sel,Perle De Sel '21 BLUE,34.61,11.54
Perle De Sel,Perle De Sel '21 GREEN,34.61,11.54
Perle De Sel,Perle De Sel '21 DECO,3.34,
,,,0
Lucky tiger,Lucky tiger,171,57
Lucky tiger,Lucky Tiger Bath Bomb Mix - Spray,7.98,
,,,0
Elephant In The TeaRoom'22,ElephantInTeaRoom '22 - Blue,94,31.33
Elephant In The TeaRoom'22,ElephantInTeaRoom '22 - Pink,94,31.33
,Mix - White Cloud,,0
,,,0
,,,0
,,,0
,,,0
Jasmine'22,Jasmine'22 - Mix - White,106,35.33
Jasmine'22,Jasmine'22 - Mix - Tapioca,0.5,
,,,0
Rose Gold'22,Rose Gold'22 - Mix - Orange,75,25
Rose Gold'22,Rose Gold'22 - Mix - Pink,84,28
Rose Gold'22,Rose Gold'22 - Mix - Decor,11,3.67
,,,0
The Ex factor,The Ex factorBLUE,103.74,34.58
The Ex factor,The Ex factorRED,5.46,1.82
,,,0
!The Flying Carrot '22,!Flying Carrot Green '22,5,1.67
!The Flying Carrot '22,!Flying CarrotOrange '22,113,37.67
!The Flying Carrot '22 Rabbit,!Flying CarrotYellow '22,33,11
,,,0
!Disco Duck '22,!Disco Duck Green '22,31,10.33
!Disco Duck '22,!Disco Duck Yellow '22,64.5,21.5
,,,0
Golden Egg '23 YELLOW,Golden Egg '23 YELLOW,34,11.33
Golden Egg '23 PINK,Golden Egg '23 PINK,47,15.67
Golden Egg '23 MELT,Golden Egg '23 MELT,6,
,,,0
,,,0
Golden Egg Large'22,Golden Egg Large'22- White,100,33.33
Golden Egg Large'22,Golden Egg Large'22 - Yellow,73,24.33
Golden Egg Large'22,Golden Egg Large'22 - Spray,7.5,2.5
,,,0
Light in the Night'22,Light The Night '22 BLU,17,5.67
Light in the Night'22,Light The Night '22 GRE,17,5.67
Light in the Night'22,Light The Night '22 PUR,7.5,2.5
Light in the Night'22,Light The Night '22 YEL,55,18.33
Light in the Night'22,Light The Night'22 SPRAY,7,2.33
,,,0
Marshmallow ' 22,MarshmallowWorld'22BLUE,4.94,1.65
Marshmallow ' 22,MarshmallowWorld'22PINK,127.13,42.38
Marshmallow ' 22,MarshmallowWorld'22WHITE,27.97,9.32
Marshmallow ' 22,MarshmallowWorld'22YELLO,4.94,1.65
,,,0
!Flamingo Egg '22,Flamingo Egg Blue,87.5,29.17
!Flamingo Egg '22,Flamingo Egg Pink,75.4,25.13
!Flamingo Egg '22,Flamingo Egg - SALT MIX,4.5,0
,,,0
The Imperial Egg,The Imperial Egg Spray,7,2.33
The Imperial Egg,The Imperial Egg Main,41,13.67
The Imperial Egg,The Imperial Egg Blue,40,13.33
,,,0
Hanami,Sakura Flowers,1.5,0.5
Hanami,Mugwort Dried LeafWhole,0.2,0.07
Hanami,Hanami Bath Bomb PINK,10.08,3.36
Hanami,Hanami Bath Bomb WHITE,25.01,8.34
,,,0
,,,0
,,,0
,,,0
Orangutan bath bomb,Orangutan Bath Bomb '22,80,26.67
Celebrate Confetti BLUE,Celebrate Confetti BLUE,2.94,0.98
Celebrate Confetti ORA,Celebrate Confetti ORA,2.94,0.98
Celebrate Confetti PINK,Celebrate Confetti PINK,2.94,0.98
,,,0
All That Jas '22,All That Jas '22,167.29,55.76
,,,0
Softy '22,Softy '22,167.29,55.76
,,,0
Big foot'22,Big Foot Blue,51.5,17.17
Big foot'22,Big Foot Pink,51.5,17.17
,,,0
I want my mummy'22,I want my mummy,81,27
,,,0
Screamo'22,Screamo Purple,88,29.33
Screamo'22,Screamo White,15,5
,,,0
Ufo'22,Ufo Blue - Lid,32.5,10.83
Ufo'22,Ufo Yellow,140,46.67
Ufo'22,Ufo Salt mix,45,0
,,,0
Butterbear '22,Butterbear '22,92,30.67
,,,0
Crystal Snow '22,Crystal Snow WHITE,168,56
Crystal Snow '22,Crystal Snow MIX SALT,5.01,0
,,,0
Gift Horse '22,Gift Horse ORANGE,124,41.33
Gift Horse '22,Gift Horse YELLOW,8.25,2.75
,,,0
Golden Pudding '22,Golden Pudding '22 - GOLD,88,29.33
Golden Pudding '22,Golden Pudding '22 - PINK SALT,45,0
Golden Pudding '22,Golden Pudding '22 - WHITE,119.5,39.83
Golden Pudding '22,Golden Pudding '22 - SPRAY,6.3,0
,,,0
Jolly Holly '22,Jolly Holly GREEN,52.5,6.9
Jolly Holly '22,Jolly Holly RED TAPIOCA,0.33,0
,,,0
Magical Santa '22,Magical Santa ORANGE,19.5,6.5
Magical Santa '22,Magical Santa PINK,53,17.67
Magical Santa '22,Magical Santa RED,30.75,10.25
Magical Santa '22,Magical Santa WHITE,9,3
Magical Santa '22,Magical Santa YELLOW,19.5,6.5
,,,0
Moon Bath '22,Moon Bath RED,24,8
Moon Bath '22,Moon Bath WHITE,25,8.33
Moon Bath '22,Moon Bath ORANGE,123,41
Moon Bath '22,Moon Bath SPRAY,2,0
Moon Bath '22 insert,Moon Bath WHITE,25,8.33
PartridgeInAPearTree'22,Partridge In A PearTree - Orange,94,31.33
PartridgeInAPearTree'22,Partridge In A PearTree -Yellow,79.5,26.5
PartridgeInAPearTree'22,Partridge In A PearTree -Spray,10,0
,,,0
Snow Dragon '22,Snow Dragon BLUE,83,27.67
Snow Dragon '22,Snow Dragon MIXED SALTS,2.49,0
,,,0
Snow Drift '23,Snow Drift BLUE,90,30
Snow Drift '23,Snow Drift TURQUOISE,76,25.33
Snow Drift '23,Snow Drift WHITE,2.5,0.83
,,,0
Snowman FingerPuppet'22,Snowman Finger Puppet - WHITE,48.5,16.17
Snowman FingerPuppet'22,Snowman Finger Puppet - DECOR,0.5,0
,,,0
Sweet Pudding '22,Sweet Pudding PINK,160,53.33
Sweet Pudding '22,Sweet Pudding WHITE,9.5,3.17
,,,0
,,,0
,,,0
,,,0
,,,0
Christmas Party '22 GCO,Christmas Party '22 RED,169.34,56.45
Christmas Party '22 GCO,Christmas Party '22 STARS,0.14,0.05
,,,0
Bonfire Bath Bomb,Bonfire Bath Bomb,160,53.33
,,,0
,,,0
Wild Remedy Bath Bomb,Wild Remedy Bath Bomb,160.5,53.5
Broken Heart Bath Bomb,Broken Heart Bath Bomb,161,53.67
Slow Down Bath Bomb,Slow Down Bath Bomb,162,54
,,,0
Gum-Gum Fruit,Gum-Gum Fruit-dark purple,68.5,22.83
Gum-Gum Fruit,Gum-Gum Fruit-purple,75,25
,,,0
Flame-Flame Fruit,Flame-Flame Fruit-orange,95,31.67
Flame-Flame Fruit,Flame-Flame Fruit-red,37.5,12.5
Flame-Flame Fruit,Flame-Flame Fruit-yellow,37.5,12.5
,,,0
Flower-Flower Fruit,Flower-Flower Fruit-pink,88.75,29.58
Flower-Flower Fruit,Flower-Flower Fruit-tapioca,0.37,0
Flower-Flower Fruit,Flower-Flower Fruit-white,75,25
,,,0
Human-Human Fruit Top,Human-Human Fruit Top-red,100.5,33.5
Human-Human Fruit Bottom,Human-Human Fruit Bottom-white,54.75,18.25
,,,0
Seed Pod F&F BathBomb,Seed Pod F&F BathBomb,60,20
,,,0
Rangoli Dreams '22,,,0
,,,0
Cobweb '22 GCO,Cobweb '22 GCO,103.45,34.48
,,,0
Banana Ghost '22,Banana Ghost '22,75.22,9.78
,,,0
Dexter's Dragons Egg,Dexter's Dragons Egg,12,4
,,,0
Plane Leaf,Plane Leaf - Orange,33.08,11.03
Plane Leaf,Plane Leaf - Red,7.88,2.63
Plane Leaf,Plane Leaf - Yellow,37.8,12.6
,,,0
Wash Buddy,Wash Buddy - Dark Blue,20,6.67
Wash Buddy,Wash Buddy - Green,50,16.67
Wash Buddy,Wash Buddy - White,20,6.67
,,,0
Sad Face,Sad Face - Spray,3.5,1.17
Sad Face,Sad Face - Blue,38,12.67
Sad Face,Sad Face - Green,38,12.67
Sad Face,Sad Face - White,100,33.33
,,,0
Happy face,Happy face - Spray,3.5,1.17
Happy face,Happy face - Blue,38,12.67
Happy face,Happy face - Green,38,12.67
Happy face,Happy face - White,100,33.33
,,,0
Gold Rabbit'23,Gold Rabbit'23 - Spray,10,0
Gold Rabbit'23,Gold Rabbit'23 - Pink,161.25,53.75
,,,
D8,D8 - Spray - Black,5,1.67
D8,D8 - Spray - Red,2.5,0
D8,D8 - Blue,16,5.33
D8,D8 - Red,16,5.33
D8,D8 - White,135,45
,,,0
The Rift,The Rift - Spray,10,3.33
The Rift,The Rift - Orange,31.5,10.5
The Rift,The Rift - Red,65,21.67
The Rift,The Rift - Yellow,65,21.67
,,,0
Valentine Bombshell '23 - Top,Valentine Bombshell '23 - Top,131.5,43.8
Valentine Bombshell '23 - Bottom,Valentine Bombshell '23 - Bottom,131.5,43.8
,,,0
Salt Water Soother Cube,Salt Water Soother Cube - Blue,66.7,20.33
Salt Water Soother Cube,Salt Water Soother Cube - Yellow,27.6,8.41
Salt Water Soother Cube,Magnesium Sulphate - Blue,58,0
Salt Water Soother Cube,Magnesium Sulphate - Yellow,24,0
,,,
Deep Sleep Cube,Deep Sleep Cube - Pink,30.36,9.25
Deep Sleep Cube,Deep Sleep Cube - Purple,66.7,20.33
Deep Sleep Cube,Magnesium Sulphate - Pink,26.4,0
Deep Sleep Cube,Magnesium Sulphate - Purple,58,0
,,,
Birding Boat bath bomb,Birding Boat BLUE,32,10.67
Birding Boat bath bomb,Birding Boat GREEN,15,5
,,,0
There's Room '22,There's Room Green,60,20
There's Room '22,There's Room Yellow,81,27
There's Room'22 Yellow Ears,There's Room Yellow - Ears,5,1.67
There's Room'22 Pink Cheeks,There's Room PINK - Cheeks,4,1.33
,,,0
Party Kit - Toby's Magic Cow 10,Toby Party Kit (10) Blue,105,35
Party Kit - Toby's Magic Cow 10,Toby Party Kit (10) Pink,105,35
Party Kit - Toby's Magic Cow 10,Toby Party Kit (10) Purple,105,35
Party Kit - Toby's Magic Cow 10,Toby Party Kit (10) White,615,205
Party Kit - Toby's Magic Cow 10,Toby Party Kit (10) Yellow,105,35
,,,0
Tisty Tosty '23 (Mini),Tisty Tosty '23 - Pink,56,18.67
,,,0
Out Of This World,Out Of This World - Pink,21,7
Out Of This World,Out Of This World - White,55,18.33
Out Of This World,Out Of This World - Purple,21,7
Out Of This World,Out Of This World - Spray,7,0
,,,
Slammer,Slammer - Green,85,28.33
Slammer,Slammer - Yellow,85,28.33
,,,0
Tea Party '23,Tea Party '23 - Blue,0.45,0.15
Tea Party '23,Tea Party '23 - Pink,73,24.33
,,,0
Time To Relax '23,Time To Relax '23,155,51.67
Time To Relax '23 Plug,Time To Relax '23 - Plug,25,8.33
Time To Relax '23 - Salt,Time To Relax '23 - Salt,50,
,,,0
Lovebug '23,Lovebug '23 - Pink main,84.5,28.17
Lovebug '23,Lovebug '23 - Blue,39.37,13.12
Lovebug '23,Lovebug '23 - Yellow,7.87,2.62
Lovebug '23,Lovebug '23 - Pink heart,3.4,1.13
,,,0
Dexter's Dragon egg,Dexter's Dragon egg - White,112.86,37.62
Dexter's Dragon egg,Dexter's Dragon egg - Gold,12.42,4.14
Dexter's Dragon egg,Dexter's Dragon egg - Orange,42.7,14.23
Dexter's Dragon egg,Dexter's Dragon egg - Spray,12,4
,,,0
Ostara'23,Ostara '23 PINK,175,58.33
Ostara'23,Ostara '23 YELLOW-insert,45,15
,,,0
Absolute Delight,Absolute Delight,166.5,55.5
,,,0
Sex N Shower,Sex N Shower Purple,8,2.67
Sex N Shower,Sex N Shower White,58,19.33
,,,0
Mistery Box - Ice Flower,Question block 1 - Ice Flower - Blue,91.3,30.43
Mistery Box - Ice Flower,Question block - Gold,356.08,118.69
Mistery Box - Ice Flower,Question block 1 - Ice Flower - White,18.26,6.09
Mistery Box - Ice Flower,Question block - Spray,10,0
Mistery Box - Ice Flower,Mistery Box - Ice Flower - Soap,70,0
Mistery Box - Blue Mushroom,Question block - Gold,356.08,118.69
Mistery Box - Blue Mushroom,Question block 3 - Blue Mushroom - Blue,54.78,18.26
Mistery Box - Blue Mushroom,Question block 3 - Blue Mushroom - White,54.78,18.26
Mistery Box - Blue Mushroom,Question block - Spray,10,0
Mistery Box - Blue Mushroom,Question block 3 - Blue Mushroom - Blue - Soap,58.5,0
Mistery Box - Fire Flower,Question block - Gold,356.08,118.69
Mistery Box - Fire Flower,Question block 2 - Fire Flower - Orange,73.04,24.35
Mistery Box - Fire Flower,Question block 2 - Fire Flower - White,36.52,12.17
Mistery Box - Fire Flower,Question block - Spray,10,0
Mistery Box - Fire Flower,Question block 2 - Fire Flower - Soap,70,0
Mistery Box - Red Mushroom,Question block - Gold,356.08,118.69
Mistery Box - Red Mushroom,Question block6 - Red Mushroom - Red,54.78,18.26
Mistery Box - Red Mushroom,Question block 6 - Red Mushroom - White,54.78,18.26
Mistery Box - Red Mushroom,Question block - Spray,10,0
Mistery Box - Red Mushroom,Question block6 - Red Mushroom - Soap,61.5,0
Mistery Box - Gold Coin,Question block - Gold,356.08,118.69
Mistery Box - Gold Coin,Question block 4 - Gold Coin - Purple,54.78,18.26
Mistery Box - Gold Coin,Question block 4 - Gold Coin - White,54.78,18.26
Mistery Box - Gold Coin,Question block - Spray,10,0
Mistery Box - Gold Coin,Question block 4 - Gold Coin - Soap,58,0
Mistery Box - Star Soap,Question block - Gold,356.08,118.69
Mistery Box - Star Soap,Question block 5 - Star Soup - Blue,18.26,6.09
Mistery Box - Star Soap,Question block 5 - Star Soup - Orange,36.52,12.17
Mistery Box - Star Soap,Question block 5 - Star Soup - Pink,36.52,12.17
Mistery Box - Star Soap,Question block5 - Star Soup - Purple,18.26,6.09
Mistery Box - Star Soap,Question block - Spray,10,0
Mistery Box - Star Soap,Question block5 - Star Soup - Soap,49.5,0
Tea Party '23  Dots,Tea Party '23  Dots,0.45,0.15
,,,0
Primrose Bath Bomb,Primrose Bath Bomb,5.1,1.7
Bluebell Bath Bomb,Bluebell Bath Bomb,3.1,1.03
,,,0
Yoga Bom Bath Bomb,Yoga Bom - Green,20.6,6.87
Yoga Bom Bath Bomb,Yoga Bom - Orange,110.6,36.87
Yoga Bom Bath Bomb,Yoga Bom - Purple,33.8,11.27
,,,0
Uchimizu'23,Uchimizu - Blue,38,12.67
Uchimizu'23,Uchimizu - Sugar,0.5,0
,,,0
Fuurin'23,Fuurin - White,43,14.33
Fuurin'23,Fuurin - Sugar,0.5,0
,,,0
Kokage'23,Kokage - Green,37.5,12.5
Kokage'23,Kokage - Sugar,0.5,0
,,,0
Hinata'23,Hinata - Orange,31.5,10.5
Hinata'23,Hinata - Yellow,7.5,2.5
,,,0
Hibana'23,Hibana - Brown,23,7.67
Hibana'23,Hibana - Salt,0.5,0
Hibana'23,Hibana - White,16.5,5.5
,,,0
San San'23,San San - Pink,39,13
San San'23,San San - Salt,1,0
,,,0
Intergalactic '23,Intergalactic '23 - Blue,128.68,42.89
Intergalactic '23,Intergalactic '23 - Red,17.34,5.78
Intergalactic '23,Intergalactic '23 - Yellow,17.34,5.78
Intergalactic '23,Intergalactic '23 - White,4.61,1.54
,,,0
Supernova,Supernova - Main,167.3,55.77
Supernova,Supernova - Paste,3.54,0
,,,0
Put the boot in,Put the boot in,50,16.67
,,,0
Witch's Cauldron Pink,Witch's Cauldron Pink,14.25,4.75
Witch's Cauldron Yellow,Witch's Cauldron Yellow,9.75,3.25
Witch's Cauldron Green,Witch's Cauldron Green,11.25,3.75
,,,0
Sponge Bob Silly,Sponge Bob Silly - Blue,11.25,3.75
Sponge Bob Silly,Sponge Bob Silly - White,11.25,3.75
Sponge Bob Silly,Sponge Bob Silly - Yellow,80,26.67
,,,0
Suprised Patrick,Suprised Patrick - Peach,68.5,22.83
Suprised Patrick,Suprised Patrick - Pink,13.5,4.5
Suprised Patrick,Suprised Patrick - Yellow,3.75,1.25
,,,0
Krabby Bathy Bun Top,Krabby Bathy Bun Top - Blue,21,7
Krabby Bathy Bun Top,Krabby Bathy Bun Top - Orange,60,20
,,,0
Krabby Bathy Bun Bottom,Krabby Bathy Bun Bottom,62,20.67
,,,0
Asteroid,Asteroid - Blue,76,25.33
Asteroid,Asteroid - Red,76,25.33
Asteroid,Asteroid - Silver,11,3.67
Asteroid,Asteroid - Spray,8,2.67
Lord Of Misrule '23,Lord Of Misrule '23 - Green,143,47.67
Lord Of Misrule '23,Lord Of Misrule '23 - Pink,21,7
,,,0
Ghostie '23,Ghostie Blue,9,3
Ghostie '23,Ghostie Pink,9,3
Ghostie '23,Ghostie White,94,31.33
Ghostie '23,Ghostie Purple,9,3
,,,0
Sweet Pudding '23,Sweet Pudding PINK,160,53.33
Sweet Pudding '23,Sweet Pudding WHITE,9.5,3.17
,,,0
Punkin Pumpkin '23,Pumpkin - Green,2.4,0.8
Punkin Pumpkin '23,Pumpkin - Orange,72,24
Punkin Pumpkin '23,Pumpkin - Yellow,27,9
,,,0
,,,0
Jason's Mummy '23,Jason's Mummy - Glow,11.25,3.75
Jason's Mummy '23,Jason's Mummy - White,105,35
Jason's Mummy '23,Jason's Mummy - Red decoration,1,0
,,,0
Penguin '23,Penguin - White,24.99,8.33
Penguin '23,Penguin - Purple,114,38
Penguin '23,Penguin - Pink insert,6,2
Penguin '23,Penguin - Decoration,0.07,0
,,,0
Lump Of Coal '23,Lump Of Coal - Black,64.21,21.4
Lump Of Coal '23,Lump Of Coal - Gold,19.67,6.56
Lump Of Coal '23,Lump Of Coal - Spray,4.14,1.38
,,,0
Groovy Fairy '23,Groovy Fairy - Pink,86.67,28.89
,,,0
Screaming Banshee '23,Screaming Banshee - Blue,19,6.33
Screaming Banshee '23,Screaming Banshee - Purple,53,17.67
,,,0
Snowy '23,Snowy - Blue,74,24.67
Snowy '23,Snowy - White,82,27.33
Snowy '23,Snowy - Spray,1,0
,,,0
,,,0
,,,0
,,,0
,,,
Magic Potion '23,Magic Potion - Blue,15,5
Magic Potion '23,Magic Potion - Pink,54,18
Magic Potion '23,Magic Potion - TURQUOISE,15,5
Magic Potion '23,Magic Potion - Purple,9,3
Magic Potion '23,Magic Potion -Spray,5,0
,,,0
Snow Fairy BAL '23,Snow Fairy'23 - Pink,127.47,42.49
Snow Fairy BAL '23,Snow Fairy'23 - White,38.23,12.74
,,,0
Magical Santa '23,Magical Santa ORANGE,19.5,6.5
Magical Santa '23,Magical Santa PINK,53,17.67
Magical Santa '23,Magical Santa RED,30.75,10.25
Magical Santa '23,Magical Santa WHITE,9,3
Magical Santa '23,Magical Santa YELLOW,19.5,6.5
,,,0
Screamo '23,Screamo'23 - Purple,83,27.67
Screamo '23,Screamo'23 - White,12.5,4.17
,,,0
UFO '23,UFO '23 - Yellow,140,46.67
UFO '23,UFO '23 - Blue Lid,32.5,10.83
UFO '23,UFO '23 - Salt,45,0
,,,0
Catch Me If You Can '23,Catch Me If You Can '23 - Blue,26,8.67
Catch Me If You Can '23,Catch Me If You Can '23 - Yellow,46,15.33
,,,0
The Wishing Lamp '23,The Wishing Lamp '23 - Gold,188,62.67
The Wishing Lamp '23,The Wishing Lamp '23 - Gold LID,26,8.67
The Wishing Lamp '23,The Wishing Lamp '23 - Blue,18,6
The Wishing Lamp '23,The Wishing Lamp '23 - Pink,18,6
The Wishing Lamp '23,The Wishing Lamp '23 - Pink Salt,1,0
The Wishing Lamp '23,The Wishing Lamp '23 - Blue Salt,1,0
The Wishing Lamp '23,The Wishing Lamp '23 - Purple Salt,1,0
The Wishing Lamp '23,The Wishing Lamp '23 - Spray,10,0
The Wishing Lamp '23,The Wishing Lamp '23 - Mixed Salts,3,0
Welcome Bath bomb,Welcome '23 BLUE,88.5,29.5
Welcome Bath bomb,Welcome '23 GREEN,82.5,27.5
Strawberry Santa ShFoam,Strawberry Santa ShFoam,88,29.33
Strawberry Santa ShFoam,Strawberry Santa - Cream of tartar,3,1
Gary The Snail '23,Gary The Snail '23 - Blue,67,22.33
Gary The Snail '23,Gary The Snail '23 - Green,5,1.67
Gary The Snail '23,Gary The Snail '23 - Pink,25,8.33
,,,0
Mermaid '23,Mermaid '23 - Blue,47.5,15.83
Mermaid '23,Mermaid '23 - Green,18,6
Mermaid '23,Mermaid '23 - Pink,18,6
Mermaid '23,Mermaid '23 - Purple,40,13.33
Mermaid '23,Mermaid '23 - Yellow,40,13.33
,,,0
Courage MINI BAL,Courage - Mini,83,27.67
Courage BAL '23,Courage - Orange,161.25,53.75
,,,0
Belonging MINI BAL,Belonging - Mini,86.25,28.75
Belonging BAL '23,Belonging - Purple,173,57.67
,,,0
Simplicity MINI BAL,Simplicity - Mini,83,27.67
Simplicity BAL '23,Simplicity - Green,165,55
,,,0
Energy MINI BAL,Energy - Mini Orange,43.5,14.5
Energy MINI BAL,Energy - Mini Yellow,43.5,14.5
Energy BAL '23,Energy - Orange,92,30.67
Energy BAL '23,Energy - Yellow,77,25.67
,,,0
Resilience MINI BAL,Resilience - Mini,83,27.67
Resilience BAL '23,Resilience - Green,164.63,54.88
,,,0
Inspiration MINI BAL,Inspiration - Mini Blue,41.25,13.75
Inspiration MINI BAL,Inspiration - Mini Purple,41.25,13.75
Inspiration BAL '23,Inspiration - Blue,77,25.67
Inspiration BAL '23,Inspiration - Purple,94,31.33
,,,0
Mischief MINI BAL,Mischief - Mini Green,43.5,14.5
Mischief MINI BAL,Mischief - Mini Pink,43.5,14.5
Mischief BAL '23,Mischief - Green,77,25.67
Mischief BAL '23,Mischief - Pink,94,31.33
,,,0
Empowerment MINI BAL,Empowerment - Mini Red,83,27.67
Empowerment BAL '23,Empowerment - Red,163.5,54.5
,,,0
Hope MINI BAL,Hope - Mini White,83,27.67
Hope MINI BAL,Hope - Mini Spray,2.5,0
Hope BAL '23,Hope - White,171,57
Hope BAL '23,Hope - Spray,5,0
,,,0
Nourished MINI BAL,Nourished - Mini Pink,85.5,28.5
Nourished BAL '23,Nourished - Pink,174,58
,,,0
Peace MINI BAL,Peace - Mini Blue,83,27.67
Peace BAL '23,Peace - Blue,165,55
,,,0
Barbie,Barbie - Pink,96.35,32.12
Barbie,Barbie - White,9.39,3.13
,,,0
Unicorn Poop Bath bomb'23,Unicorn Poop Bath bomb'23 - Pink,70,23.33
Unicorn Poop Bath bomb'23,Unicorn Poop Bath bomb'23 - Green,11,3.67
Unicorn Poop Bath bomb'23,Unicorn Poop Bath bomb'23 - Purple,11,3.67
Unicorn Poop Bath bomb'23,Unicorn Poop Bath bomb'23 - White,41,13.67
Unicorn Poop Bath bomb'23,Unicorn Poop Bath bomb'23 - Yellow,11,3.67
,,,0
Glitterball Bath Bomb v2,Glitterball Bath - Pink,42.75,14.25
Glitterball Bath Bomb v2,Glitterball Bath - Blue,42.75,14.25
Glitterball Bath Bomb v2,Glitterball Bath - Lilac,70.5,23.5
Glitterball Bath Bomb v2,Glitterball Bath - Spray,10,0
,,,0
World Piece'23 GCO,World Piece - Blue,85,28.33
World Piece'23 GCO,World Piece - Green,85,28.33
,,,0
Chocolate Santa '23 GCO,Chocolate Santa - Brown,136,45.33
Chocolate Santa '23 GCO,Chocolate Santa - White,13.6,4.53
,,,0
Snow Angel '23 GCO,Snow Angel - White,31,10.33
Snow Angel '23 GCO,Snow Angel - Yellow,51,17
Snow Angel '23 GCO,Snow Angel - Melt,10,0
Snow Angel '23 GCO,Snow Angel - Lustre,0.3,0
,,,0
Twinkle '23 GCO,Twinkle - Blue,70.18,23.39
Twinkle '23 GCO,Twinkle - Yellow,1.8,0.6
,,,0
,,,0
Ghostie '23,Ghostie - Blue,9,3
Ghostie '23,Ghostie - Pink,9,3
Ghostie '23,Ghostie - White,94,31.33
Ghostie '23,Ghostie - Purple,9,3
,,,0
,,,0
UFO '23 LID,UFO - Lid,32.5,10.83
,,,0
Butterbear '23 (Sheet),Butterbear '23,92,30.67
,,,0
Magical Santa '23,Magical Santa - Orange,19.5,6.5
Magical Santa '23,Magical Santa - Pink,53,17.67
Magical Santa '23,Magical Santa - Red,30.75,10.25
Magical Santa '23,Magical Santa - White,9,3
Magical Santa '23,Magical Santa - Yellow,19.5,6.5
,,,0
Shoot For Stars '23,Shoot For Stars '23,130.5,43.5
,,,0
Sleepy Bear '23 (Sheets),Sleepy Bear '23,83,27.67
Sleepy Bear '23 (Sheets),Sleepy Bear '23 - Topping,0.5,0.17
Snow Dragon '23 (Sheets),Snow Dragon BLUE,83,27.67
Snow Dragon '23 (Sheets),Snow Dragon MIXED SALTS,2.49,0.83
,,,0
Heart's Desire bath bomb,Heart's Desire - Main,69,23
Heart's Desire bath bomb,Heart's Desire - Decoration,0.12,0.04
,,,0
Party Kit - Ghostie '23,Party Kit Ghostie - Blue,90,30
Party Kit - Ghostie '23,Party Kit Ghostie - Pink,90,30
Party Kit - Ghostie '23,Party Kit Ghostie - White,94,31.33
Party Kit - Ghostie '23,Party Kit Ghostie - Purple,90,30
,,,0
PartyKit-Punkin Pumpkin,Pumpkin Party Kit - Green,24,8
PartyKit-Punkin Pumpkin,Pumpkin Party Kit - Orange,720,240
PartyKit-Punkin Pumpkin,Pumpkin Party Kit - Yellow,270,90
,,,0
Cempasuchil,Cempasuchil - Orange,40,13.33
Cempasuchil,Cempasuchil - Red,50,16.67
Cempasuchil,Cempasuchil - Yellow,69,23
